formula_length,formula_file,formula_index,repetition,ldba_seconds,boolean_generation_seconds
2,conf/formulas/warehouse/reach-2.yaml,0,0,0.38972789398394525,0.09686827100813389
2,conf/formulas/warehouse/reach-2.yaml,0,1,0.37268590700114146,0.0018783670093398541
2,conf/formulas/warehouse/reach-2.yaml,0,2,0.3764722709893249,0.002326926012756303
2,conf/formulas/warehouse/reach-2.yaml,0,3,0.37687179798376746,0.0018218190234620124
2,conf/formulas/warehouse/reach-2.yaml,0,4,0.3705847389937844,0.002152314002159983
2,conf/formulas/warehouse/reach-2.yaml,0,5,0.3593777130008675,0.0021425290033221245
2,conf/formulas/warehouse/reach-2.yaml,0,6,0.36645760299870744,0.0022009000240359455
2,conf/formulas/warehouse/reach-2.yaml,0,7,0.3483726039994508,0.002108729997416958
2,conf/formulas/warehouse/reach-2.yaml,0,8,0.36244920000899583,0.0021872679935768247
2,conf/formulas/warehouse/reach-2.yaml,0,9,0.39858288000687025,0.0021052819793112576
2,conf/formulas/warehouse/reach-2.yaml,0,10,0.32737124199047685,0.001834530004998669
2,conf/formulas/warehouse/reach-2.yaml,0,11,0.33851442200830206,0.002042831009021029
2,conf/formulas/warehouse/reach-2.yaml,0,12,0.31823400399298407,0.0020281760080251843
2,conf/formulas/warehouse/reach-2.yaml,0,13,0.3468583590001799,0.001830266002798453
2,conf/formulas/warehouse/reach-2.yaml,0,14,0.35675009098486044,0.0019260100089013577
2,conf/formulas/warehouse/reach-2.yaml,0,15,0.36195804399903864,0.002172875014366582
2,conf/formulas/warehouse/reach-2.yaml,0,16,0.36414956700173207,0.0021560899913311005
2,conf/formulas/warehouse/reach-2.yaml,0,17,0.3547171269892715,0.002267007017508149
2,conf/formulas/warehouse/reach-2.yaml,0,18,0.33446218399330974,0.0019813219842035323
2,conf/formulas/warehouse/reach-2.yaml,0,19,0.3684975220239721,0.002245426003355533
2,conf/formulas/warehouse/reach-2.yaml,0,20,0.3725130090024322,0.002345474000321701
2,conf/formulas/warehouse/reach-2.yaml,0,21,0.3296618500025943,0.0017221239977516234
2,conf/formulas/warehouse/reach-2.yaml,0,22,0.35877488998812623,0.0017708690138533711
2,conf/formulas/warehouse/reach-2.yaml,0,23,0.3479529259784613,0.002226140000857413
2,conf/formulas/warehouse/reach-2.yaml,0,24,0.3574619540013373,0.0017838999920058995
2,conf/formulas/warehouse/reach-2.yaml,0,25,0.42308925901306793,0.0020472320029512048
2,conf/formulas/warehouse/reach-2.yaml,0,26,0.2969987359829247,0.002100896992487833
2,conf/formulas/warehouse/reach-2.yaml,0,27,0.334338412998477,0.0018564789788797498
2,conf/formulas/warehouse/reach-2.yaml,0,28,0.34140700500574894,0.0019253760110586882
2,conf/formulas/warehouse/reach-2.yaml,0,29,0.3542306880117394,0.002132560999598354
2,conf/formulas/warehouse/reach-2.yaml,0,30,0.3509080880030524,0.0021959570003673434
2,conf/formulas/warehouse/reach-2.yaml,0,31,0.35377817598055117,0.002174433000618592
2,conf/formulas/warehouse/reach-2.yaml,0,32,0.32637532299850136,0.0022940890048630536
2,conf/formulas/warehouse/reach-2.yaml,1,0,0.3832132579991594,0.0032163540017791092
2,conf/formulas/warehouse/reach-2.yaml,1,1,0.37165436998475343,0.002440002019284293
2,conf/formulas/warehouse/reach-2.yaml,1,2,0.32643847601138987,0.0021651099959854037
2,conf/formulas/warehouse/reach-2.yaml,1,3,0.3320512479986064,0.002095846983138472
2,conf/formulas/warehouse/reach-2.yaml,1,4,0.3588667900185101,0.0025705820007715374
2,conf/formulas/warehouse/reach-2.yaml,1,5,0.3995223930105567,0.0021504729811567813
2,conf/formulas/warehouse/reach-2.yaml,1,6,0.33323977200780064,0.0023072210024110973
2,conf/formulas/warehouse/reach-2.yaml,1,7,0.3347336600127164,0.0022114279854577035
2,conf/formulas/warehouse/reach-2.yaml,1,8,0.3236095890169963,0.001886091980850324
2,conf/formulas/warehouse/reach-2.yaml,1,9,0.3469016080198344,0.0018431359785608947
2,conf/formulas/warehouse/reach-2.yaml,1,10,0.35152046399889514,0.002192198997363448
2,conf/formulas/warehouse/reach-2.yaml,1,11,0.41224402099032886,0.0025819830188993365
2,conf/formulas/warehouse/reach-2.yaml,1,12,0.2973969209997449,0.001341451978078112
2,conf/formulas/warehouse/reach-2.yaml,1,13,0.33089906701934524,0.0021601839980576187
2,conf/formulas/warehouse/reach-2.yaml,1,14,0.35257483599707484,0.0014919579843990505
2,conf/formulas/warehouse/reach-2.yaml,1,15,0.3482852710003499,0.0021834840008523315
2,conf/formulas/warehouse/reach-2.yaml,1,16,0.38278762000845745,0.0016290190105792135
2,conf/formulas/warehouse/reach-2.yaml,1,17,0.33499133298755623,0.002333851996809244
2,conf/formulas/warehouse/reach-2.yaml,1,18,0.3536149070132524,0.0015253809979185462
2,conf/formulas/warehouse/reach-2.yaml,1,19,0.3809443500067573,0.0018877390248235315
2,conf/formulas/warehouse/reach-2.yaml,1,20,0.33352006602217443,0.0022330769861582667
2,conf/formulas/warehouse/reach-2.yaml,1,21,0.37455778699950315,0.0018380549736320972
2,conf/formulas/warehouse/reach-2.yaml,1,22,0.34750770102255046,0.0022590719745494425
2,conf/formulas/warehouse/reach-2.yaml,1,23,0.3531394099991303,0.0022642299882136285
2,conf/formulas/warehouse/reach-2.yaml,1,24,0.3470519059919752,0.0019174109911546111
2,conf/formulas/warehouse/reach-2.yaml,1,25,0.3544246309902519,0.0018826750165317208
2,conf/formulas/warehouse/reach-2.yaml,1,26,0.349806439015083,0.001920284004881978
2,conf/formulas/warehouse/reach-2.yaml,1,27,0.31807907900656573,0.0022867250081617385
2,conf/formulas/warehouse/reach-2.yaml,1,28,0.33406921100686304,0.001945771015016362
2,conf/formulas/warehouse/reach-2.yaml,1,29,0.35713223001221195,0.0019314270175527781
2,conf/formulas/warehouse/reach-2.yaml,1,30,0.3644958189979661,0.0021539849985856563
2,conf/formulas/warehouse/reach-2.yaml,1,31,0.3800317819986958,0.002121944009559229
2,conf/formulas/warehouse/reach-2.yaml,1,32,0.3252291420067195,0.002104719984345138
2,conf/formulas/warehouse/reach-2.yaml,2,0,0.3462132760032546,0.0027052319783251733
2,conf/formulas/warehouse/reach-2.yaml,2,1,0.34682543799863197,0.001978100015548989
2,conf/formulas/warehouse/reach-2.yaml,2,2,0.3553970910143107,0.0017270570097025484
2,conf/formulas/warehouse/reach-2.yaml,2,3,0.34838725699228235,0.002135506976628676
2,conf/formulas/warehouse/reach-2.yaml,2,4,0.4134852739807684,0.002296988997841254
2,conf/formulas/warehouse/reach-2.yaml,2,5,0.37259609199827537,0.0021656230092048645
2,conf/formulas/warehouse/reach-2.yaml,2,6,0.3337306519970298,0.0021644549851771444
2,conf/formulas/warehouse/reach-2.yaml,2,7,0.35196888801874593,0.0022037639864720404
2,conf/formulas/warehouse/reach-2.yaml,2,8,0.3324509450176265,0.0020160390122327954
2,conf/formulas/warehouse/reach-2.yaml,2,9,0.30795848701382056,0.0021499379945453256
2,conf/formulas/warehouse/reach-2.yaml,2,10,0.3084554380038753,0.0022472779965028167
2,conf/formulas/warehouse/reach-2.yaml,2,11,0.33874295800342225,0.001584860001457855
2,conf/formulas/warehouse/reach-2.yaml,2,12,0.3411876489990391,0.0021621469932142645
2,conf/formulas/warehouse/reach-2.yaml,2,13,0.41825059699476697,0.0022122719965409487
2,conf/formulas/warehouse/reach-2.yaml,2,14,0.3687368050159421,0.001841847028117627
2,conf/formulas/warehouse/reach-2.yaml,2,15,0.3597706830187235,0.00197891698917374
2,conf/formulas/warehouse/reach-2.yaml,2,16,0.3499437360151205,0.001845107995904982
2,conf/formulas/warehouse/reach-2.yaml,2,17,0.3521651430055499,0.002138532989192754
2,conf/formulas/warehouse/reach-2.yaml,2,18,0.35040856499108486,0.0019023040076717734
2,conf/formulas/warehouse/reach-2.yaml,2,19,0.3442101289983839,0.0022979630157351494
2,conf/formulas/warehouse/reach-2.yaml,2,20,0.3254080390033778,0.0022042799973860383
2,conf/formulas/warehouse/reach-2.yaml,2,21,0.31602777499938384,0.001494764001108706
2,conf/formulas/warehouse/reach-2.yaml,2,22,0.3450312770146411,0.0024236080062109977
2,conf/formulas/warehouse/reach-2.yaml,2,23,0.4307768610015046,0.0021275879989843816
2,conf/formulas/warehouse/reach-2.yaml,2,24,0.357431688986253,0.0018852540233638138
2,conf/formulas/warehouse/reach-2.yaml,2,25,0.35077251598704606,0.001765888009686023
2,conf/formulas/warehouse/reach-2.yaml,2,26,0.4193105029989965,0.002249895012937486
2,conf/formulas/warehouse/reach-2.yaml,2,27,0.3705795499845408,0.002183206001063809
2,conf/formulas/warehouse/reach-2.yaml,2,28,0.33926328498637304,0.001181450003059581
2,conf/formulas/warehouse/reach-2.yaml,2,29,0.3446589130035136,0.0021106830099597573
2,conf/formulas/warehouse/reach-2.yaml,2,30,0.36368249999941327,0.001980747008929029
2,conf/formulas/warehouse/reach-2.yaml,2,31,0.38368971899035387,0.0020976370142307132
2,conf/formulas/warehouse/reach-2.yaml,2,32,0.3349864610063378,0.0018604059878271073
4,conf/formulas/warehouse/reach-4.yaml,0,0,0.3769318689883221,0.08810074799112044
4,conf/formulas/warehouse/reach-4.yaml,0,1,0.3706127750047017,0.0034823270107153803
4,conf/formulas/warehouse/reach-4.yaml,0,2,0.35446081799454987,0.0017210869991686195
4,conf/formulas/warehouse/reach-4.yaml,0,3,0.3961810129985679,0.001770033995853737
4,conf/formulas/warehouse/reach-4.yaml,0,4,0.35382269899128005,0.002706669009057805
4,conf/formulas/warehouse/reach-4.yaml,0,5,0.3527589119912591,0.001717164006549865
4,conf/formulas/warehouse/reach-4.yaml,0,6,0.36463160399580374,0.0020665639895014465
4,conf/formulas/warehouse/reach-4.yaml,0,7,0.34198315898538567,0.001691792014753446
4,conf/formulas/warehouse/reach-4.yaml,0,8,0.3783247019746341,0.003455665020737797
4,conf/formulas/warehouse/reach-4.yaml,0,9,0.4013316349883098,0.002443884004605934
4,conf/formulas/warehouse/reach-4.yaml,0,10,0.33796787599567324,0.0017696020076982677
4,conf/formulas/warehouse/reach-4.yaml,0,11,0.43682696399628185,0.0031998899939935654
4,conf/formulas/warehouse/reach-4.yaml,0,12,0.45169674599310383,0.0025456070143263787
4,conf/formulas/warehouse/reach-4.yaml,0,13,0.36278707897872664,0.0023701910104136914
4,conf/formulas/warehouse/reach-4.yaml,0,14,0.3949272579920944,0.002289608004502952
4,conf/formulas/warehouse/reach-4.yaml,0,15,0.42127271101344377,0.0018761739775072783
4,conf/formulas/warehouse/reach-4.yaml,0,16,0.3552741360035725,0.0034075840085279197
4,conf/formulas/warehouse/reach-4.yaml,0,17,0.3569787180167623,0.0016857959853950888
4,conf/formulas/warehouse/reach-4.yaml,0,18,0.35531079198699445,0.0017502009868621826
4,conf/formulas/warehouse/reach-4.yaml,0,19,0.37306663300842047,0.0016833320260047913
4,conf/formulas/warehouse/reach-4.yaml,0,20,0.37417255601030774,0.002888649993110448
4,conf/formulas/warehouse/reach-4.yaml,0,21,0.3494067060237285,0.002178983995690942
4,conf/formulas/warehouse/reach-4.yaml,0,22,0.37715433599078096,0.0027468560147099197
4,conf/formulas/warehouse/reach-4.yaml,0,23,0.36318133198074065,0.0032080399978440255
4,conf/formulas/warehouse/reach-4.yaml,0,24,0.35153706499841064,0.001683232985669747
4,conf/formulas/warehouse/reach-4.yaml,0,25,0.3290301469969563,0.0016889020043890923
4,conf/formulas/warehouse/reach-4.yaml,0,26,0.39919150798232295,0.0035218959965277463
4,conf/formulas/warehouse/reach-4.yaml,0,27,0.38862132700160146,0.0033394930069334805
4,conf/formulas/warehouse/reach-4.yaml,0,28,0.3644232749938965,0.001749140996253118
4,conf/formulas/warehouse/reach-4.yaml,0,29,0.3852483590017073,0.0033161889878101647
4,conf/formulas/warehouse/reach-4.yaml,0,30,0.3675785940140486,0.0027589829987846315
4,conf/formulas/warehouse/reach-4.yaml,0,31,0.36315498600015417,0.0017436390044167638
4,conf/formulas/warehouse/reach-4.yaml,0,32,0.3343320849817246,0.0017545819864608347
4,conf/formulas/warehouse/reach-4.yaml,1,0,0.398070989002008,0.004674983996665105
4,conf/formulas/warehouse/reach-4.yaml,1,1,0.3628078989859205,0.00173002399969846
4,conf/formulas/warehouse/reach-4.yaml,1,2,0.4584883420029655,0.0037322970165405422
4,conf/formulas/warehouse/reach-4.yaml,1,3,0.3891602650110144,0.0020110429904889315
4,conf/formulas/warehouse/reach-4.yaml,1,4,0.4754540490102954,0.0018820189870893955
4,conf/formulas/warehouse/reach-4.yaml,1,5,0.34633694498916157,0.0033714579767547548
4,conf/formulas/warehouse/reach-4.yaml,1,6,0.3681483760010451,0.0017752469866536558
4,conf/formulas/warehouse/reach-4.yaml,1,7,0.3602983329910785,0.002194041997427121
4,conf/formulas/warehouse/reach-4.yaml,1,8,0.41153456800384447,0.002054874988971278
4,conf/formulas/warehouse/reach-4.yaml,1,9,0.3668755549879279,0.0017388899868819863
4,conf/formulas/warehouse/reach-4.yaml,1,10,0.3656992699834518,0.0018280800140928477
4,conf/formulas/warehouse/reach-4.yaml,1,11,0.3770711880060844,0.0017173349915537983
4,conf/formulas/warehouse/reach-4.yaml,1,12,0.3895390359975863,0.00169784901663661
4,conf/formulas/warehouse/reach-4.yaml,1,13,0.373586558009265,0.0018016499816440046
4,conf/formulas/warehouse/reach-4.yaml,1,14,0.33457535499474034,0.0017157759866677225
4,conf/formulas/warehouse/reach-4.yaml,1,15,0.3313058710191399,0.0017895619967021048
4,conf/formulas/warehouse/reach-4.yaml,1,16,0.3668034120055381,0.0017125470039900392
4,conf/formulas/warehouse/reach-4.yaml,1,17,0.3608231590187643,0.0019053090072702616
4,conf/formulas/warehouse/reach-4.yaml,1,18,0.36527619502157904,0.0019260550034232438
4,conf/formulas/warehouse/reach-4.yaml,1,19,0.41092752999975346,0.002409903012448922
4,conf/formulas/warehouse/reach-4.yaml,1,20,0.3841122630110476,0.001853762980317697
4,conf/formulas/warehouse/reach-4.yaml,1,21,0.3620088500028942,0.0027783380064647645
4,conf/formulas/warehouse/reach-4.yaml,1,22,0.3790363509906456,0.0019387979991734028
4,conf/formulas/warehouse/reach-4.yaml,1,23,0.396908215014264,0.0017228570068255067
4,conf/formulas/warehouse/reach-4.yaml,1,24,0.3624925100011751,0.0027766950079239905
4,conf/formulas/warehouse/reach-4.yaml,1,25,0.3140973169938661,0.0016981920052785426
4,conf/formulas/warehouse/reach-4.yaml,1,26,0.3875168949889485,0.003272647998528555
4,conf/formulas/warehouse/reach-4.yaml,1,27,0.3613427020027302,0.002940254023997113
4,conf/formulas/warehouse/reach-4.yaml,1,28,0.351037273008842,0.0024050259962677956
4,conf/formulas/warehouse/reach-4.yaml,1,29,0.3664911050000228,0.0016978629864752293
4,conf/formulas/warehouse/reach-4.yaml,1,30,0.36688066698843613,0.004078593017766252
4,conf/formulas/warehouse/reach-4.yaml,1,31,0.3385685499815736,0.0016676739905960858
4,conf/formulas/warehouse/reach-4.yaml,1,32,0.3654537579859607,0.0017426340200472623
4,conf/formulas/warehouse/reach-4.yaml,2,0,0.3450142390211113,0.00544580101268366
4,conf/formulas/warehouse/reach-4.yaml,2,1,0.3786862650013063,0.003355852997628972
4,conf/formulas/warehouse/reach-4.yaml,2,2,0.3696443279914092,0.0016506620158907026
4,conf/formulas/warehouse/reach-4.yaml,2,3,0.3648326960101258,0.0033620720205362886
4,conf/formulas/warehouse/reach-4.yaml,2,4,0.37034686899278313,0.001827472005970776
4,conf/formulas/warehouse/reach-4.yaml,2,5,0.3728517360286787,0.0016469519759994
4,conf/formulas/warehouse/reach-4.yaml,2,6,0.3449433129862882,0.0025983740051742643
4,conf/formulas/warehouse/reach-4.yaml,2,7,0.38268011901527643,0.001654267980484292
4,conf/formulas/warehouse/reach-4.yaml,2,8,0.37656648000120185,0.0020465110137593
4,conf/formulas/warehouse/reach-4.yaml,2,9,0.37018964998424053,0.0017033969925250858
4,conf/formulas/warehouse/reach-4.yaml,2,10,0.3870666250004433,0.0018797670200001448
4,conf/formulas/warehouse/reach-4.yaml,2,11,0.3664078190049622,0.0026063889963552356
4,conf/formulas/warehouse/reach-4.yaml,2,12,0.3849579349916894,0.0016657039814163
4,conf/formulas/warehouse/reach-4.yaml,2,13,0.37726723100058734,0.0021265510004013777
4,conf/formulas/warehouse/reach-4.yaml,2,14,0.40154639998218045,0.001932806015247479
4,conf/formulas/warehouse/reach-4.yaml,2,15,0.4372002220188733,0.002170530002331361
4,conf/formulas/warehouse/reach-4.yaml,2,16,0.3656711700023152,0.001715192018309608
4,conf/formulas/warehouse/reach-4.yaml,2,17,0.3787595590110868,0.003270541987149045
4,conf/formulas/warehouse/reach-4.yaml,2,18,0.3591703379934188,0.0017094860086217523
4,conf/formulas/warehouse/reach-4.yaml,2,19,0.35667459398973733,0.002856403007172048
4,conf/formulas/warehouse/reach-4.yaml,2,20,0.389863891992718,0.0023773289867676795
4,conf/formulas/warehouse/reach-4.yaml,2,21,0.4268089899851475,0.0019508980039972812
4,conf/formulas/warehouse/reach-4.yaml,2,22,0.34522658900823444,0.002618903003167361
4,conf/formulas/warehouse/reach-4.yaml,2,23,0.40986396599328145,0.002537476975703612
4,conf/formulas/warehouse/reach-4.yaml,2,24,0.3653658160183113,0.0018952729878947139
4,conf/formulas/warehouse/reach-4.yaml,2,25,0.3771905900212005,0.001686701987637207
4,conf/formulas/warehouse/reach-4.yaml,2,26,0.36484682199079543,0.001703600020846352
4,conf/formulas/warehouse/reach-4.yaml,2,27,0.3261162400012836,0.002013051009271294
4,conf/formulas/warehouse/reach-4.yaml,2,28,0.3788477689959109,0.002746565005509183
4,conf/formulas/warehouse/reach-4.yaml,2,29,0.36193319901940413,0.001954595005372539
4,conf/formulas/warehouse/reach-4.yaml,2,30,0.33585295800003223,0.001718835992505774
4,conf/formulas/warehouse/reach-4.yaml,2,31,0.392727978003677,0.003117321990430355
4,conf/formulas/warehouse/reach-4.yaml,2,32,0.38184520101640373,0.0025107119872700423
8,conf/formulas/warehouse/reach-8.yaml,0,0,0.454156399006024,0.10356503399088979
8,conf/formulas/warehouse/reach-8.yaml,0,1,0.4145848530170042,0.003856149996863678
8,conf/formulas/warehouse/reach-8.yaml,0,2,0.4341704410035163,0.005373816995415837
8,conf/formulas/warehouse/reach-8.yaml,0,3,0.45384806097717956,0.006896387989399955
8,conf/formulas/warehouse/reach-8.yaml,0,4,0.3933328239945695,0.005276541982311755
8,conf/formulas/warehouse/reach-8.yaml,0,5,0.38373471397790127,0.004500564013142139
8,conf/formulas/warehouse/reach-8.yaml,0,6,0.3716367309971247,0.0037795200187247247
8,conf/formulas/warehouse/reach-8.yaml,0,7,0.4102412189822644,0.006997818010859191
8,conf/formulas/warehouse/reach-8.yaml,0,8,0.4164258509990759,0.0036149650113657117
8,conf/formulas/warehouse/reach-8.yaml,0,9,0.4520191519986838,0.006531928986078128
8,conf/formulas/warehouse/reach-8.yaml,0,10,0.43565762002253905,0.004533665982307866
8,conf/formulas/warehouse/reach-8.yaml,0,11,0.40621096300310455,0.0054076619853731245
8,conf/formulas/warehouse/reach-8.yaml,0,12,0.39588653499959037,0.0036405619757715613
8,conf/formulas/warehouse/reach-8.yaml,0,13,0.47355897500528954,0.004992785979993641
8,conf/formulas/warehouse/reach-8.yaml,0,14,0.3953980189980939,0.0062862010090611875
8,conf/formulas/warehouse/reach-8.yaml,0,15,0.405566370987799,0.0038814430008642375
8,conf/formulas/warehouse/reach-8.yaml,0,16,0.391417752020061,0.0036820890090893954
8,conf/formulas/warehouse/reach-8.yaml,0,17,0.3465430249925703,0.0063530429906677455
8,conf/formulas/warehouse/reach-8.yaml,0,18,0.4042405690124724,0.0038264890026766807
8,conf/formulas/warehouse/reach-8.yaml,0,19,0.36818711200612597,0.00489242302137427
8,conf/formulas/warehouse/reach-8.yaml,0,20,0.4141038119851146,0.007421243004500866
8,conf/formulas/warehouse/reach-8.yaml,0,21,0.3927714500168804,0.003554502996848896
8,conf/formulas/warehouse/reach-8.yaml,0,22,0.48709654598496854,0.005333688983228058
8,conf/formulas/warehouse/reach-8.yaml,0,23,0.45329188101459295,0.0035335180000402033
8,conf/formulas/warehouse/reach-8.yaml,0,24,0.43811002900474705,0.006699740013573319
8,conf/formulas/warehouse/reach-8.yaml,0,25,0.42074444697936997,0.005671577004250139
8,conf/formulas/warehouse/reach-8.yaml,0,26,0.4254989299806766,0.005678681016433984
8,conf/formulas/warehouse/reach-8.yaml,0,27,0.37838721700245515,0.004489476996241137
8,conf/formulas/warehouse/reach-8.yaml,0,28,0.38988382200477645,0.0036847100127488375
8,conf/formulas/warehouse/reach-8.yaml,0,29,0.3833631739835255,0.004866162984399125
8,conf/formulas/warehouse/reach-8.yaml,0,30,0.3954689910169691,0.006122063001384959
8,conf/formulas/warehouse/reach-8.yaml,0,31,0.40921743400394917,0.004805320000741631
8,conf/formulas/warehouse/reach-8.yaml,0,32,0.37738972800434567,0.004447492974577472
8,conf/formulas/warehouse/reach-8.yaml,1,0,0.3965942240029108,0.004943192994687706
8,conf/formulas/warehouse/reach-8.yaml,1,1,0.41585985900019296,0.007523976004449651
8,conf/formulas/warehouse/reach-8.yaml,1,2,0.40863630900275894,0.003941798000596464
8,conf/formulas/warehouse/reach-8.yaml,1,3,0.36579206999158487,0.0038174400106072426
8,conf/formulas/warehouse/reach-8.yaml,1,4,0.3749390759912785,0.006630271003814414
8,conf/formulas/warehouse/reach-8.yaml,1,5,0.39570808300049976,0.003973178012529388
8,conf/formulas/warehouse/reach-8.yaml,1,6,0.3813490940083284,0.005590059998212382
8,conf/formulas/warehouse/reach-8.yaml,1,7,0.3874448059941642,0.006435340997995809
8,conf/formulas/warehouse/reach-8.yaml,1,8,0.4058769380208105,0.007341349002672359
8,conf/formulas/warehouse/reach-8.yaml,1,9,0.3914227369823493,0.0038694579852744937
8,conf/formulas/warehouse/reach-8.yaml,1,10,0.36646494999877177,0.0038703539757989347
8,conf/formulas/warehouse/reach-8.yaml,1,11,0.4186779530136846,0.007663409021915868
8,conf/formulas/warehouse/reach-8.yaml,1,12,0.38787834500544704,0.003836346004391089
8,conf/formulas/warehouse/reach-8.yaml,1,13,0.3776079349918291,0.004718753014458343
8,conf/formulas/warehouse/reach-8.yaml,1,14,0.3763137509813532,0.004227610974339768
8,conf/formulas/warehouse/reach-8.yaml,1,15,0.3979475850064773,0.007015052018687129
8,conf/formulas/warehouse/reach-8.yaml,1,16,0.4001202249783091,0.007447647018125281
8,conf/formulas/warehouse/reach-8.yaml,1,17,0.38296888800687157,0.0053864220099058
8,conf/formulas/warehouse/reach-8.yaml,1,18,0.386299573990982,0.00381910297437571
8,conf/formulas/warehouse/reach-8.yaml,1,19,0.3904993240139447,0.003941840986954048
8,conf/formulas/warehouse/reach-8.yaml,1,20,0.38034448798862286,0.007078435010043904
8,conf/formulas/warehouse/reach-8.yaml,1,21,0.38381957399542443,0.005379279027692974
8,conf/formulas/warehouse/reach-8.yaml,1,22,0.4247653390048072,0.0039010479813441634
8,conf/formulas/warehouse/reach-8.yaml,1,23,0.3946605639939662,0.004288839001674205
8,conf/formulas/warehouse/reach-8.yaml,1,24,0.3820143530028872,0.007141987996874377
8,conf/formulas/warehouse/reach-8.yaml,1,25,0.37164574800408445,0.0045373530010692775
8,conf/formulas/warehouse/reach-8.yaml,1,26,0.3958839910046663,0.005910262989345938
8,conf/formulas/warehouse/reach-8.yaml,1,27,0.39443819399457425,0.004642818996217102
8,conf/formulas/warehouse/reach-8.yaml,1,28,0.3862440139928367,0.005901247990550473
8,conf/formulas/warehouse/reach-8.yaml,1,29,0.40531265098252334,0.004751381027745083
8,conf/formulas/warehouse/reach-8.yaml,1,30,0.372286580997752,0.00632363700424321
8,conf/formulas/warehouse/reach-8.yaml,1,31,0.4055288170056883,0.005879011994693428
8,conf/formulas/warehouse/reach-8.yaml,1,32,0.401013538998086,0.00744451698847115
8,conf/formulas/warehouse/reach-8.yaml,2,0,0.3604767460201401,0.003716148989042267
8,conf/formulas/warehouse/reach-8.yaml,2,1,0.35784029299975373,0.0036844970018137246
8,conf/formulas/warehouse/reach-8.yaml,2,2,0.4237888310162816,0.006960625993087888
8,conf/formulas/warehouse/reach-8.yaml,2,3,0.3993562610121444,0.005065349978394806
8,conf/formulas/warehouse/reach-8.yaml,2,4,0.3777046489994973,0.006370172981405631
8,conf/formulas/warehouse/reach-8.yaml,2,5,0.3955462960002478,0.006462135002948344
8,conf/formulas/warehouse/reach-8.yaml,2,6,0.3702209879993461,0.0037415659753605723
8,conf/formulas/warehouse/reach-8.yaml,2,7,0.3755654760170728,0.00702214302145876
8,conf/formulas/warehouse/reach-8.yaml,2,8,0.38413012798991986,0.004755083995405585
8,conf/formulas/warehouse/reach-8.yaml,2,9,0.3643990010023117,0.0038030600117053837
8,conf/formulas/warehouse/reach-8.yaml,2,10,0.3643014930130448,0.003777800011448562
8,conf/formulas/warehouse/reach-8.yaml,2,11,0.3861461389751639,0.007843233994208276
8,conf/formulas/warehouse/reach-8.yaml,2,12,0.391019253002014,0.0037131879944354296
8,conf/formulas/warehouse/reach-8.yaml,2,13,0.4238701830036007,0.006777135014999658
8,conf/formulas/warehouse/reach-8.yaml,2,14,0.3926425859972369,0.00516790701658465
8,conf/formulas/warehouse/reach-8.yaml,2,15,0.39685693601495586,0.007071713014738634
8,conf/formulas/warehouse/reach-8.yaml,2,16,0.44427119800820947,0.007219346007332206
8,conf/formulas/warehouse/reach-8.yaml,2,17,0.3635713469993789,0.0048980000137817115
8,conf/formulas/warehouse/reach-8.yaml,2,18,0.398090578004485,0.003804556996328756
8,conf/formulas/warehouse/reach-8.yaml,2,19,0.40964605400222354,0.007230561022879556
8,conf/formulas/warehouse/reach-8.yaml,2,20,0.4156832169974223,0.003731951001100242
8,conf/formulas/warehouse/reach-8.yaml,2,21,0.40624129900243133,0.004462860990315676
8,conf/formulas/warehouse/reach-8.yaml,2,22,0.4187024109996855,0.007178893982199952
8,conf/formulas/warehouse/reach-8.yaml,2,23,0.43077790399547666,0.00574251901707612
8,conf/formulas/warehouse/reach-8.yaml,2,24,0.40645046599092893,0.006003654998494312
8,conf/formulas/warehouse/reach-8.yaml,2,25,0.3930525349860545,0.004346291010733694
8,conf/formulas/warehouse/reach-8.yaml,2,26,0.3868312429985963,0.005885243008378893
8,conf/formulas/warehouse/reach-8.yaml,2,27,0.40205427299952134,0.005642978008836508
8,conf/formulas/warehouse/reach-8.yaml,2,28,0.3870237209775951,0.004498324007727206
8,conf/formulas/warehouse/reach-8.yaml,2,29,0.38128901401069015,0.003703740978380665
8,conf/formulas/warehouse/reach-8.yaml,2,30,0.3895369919773657,0.007281553000211716
8,conf/formulas/warehouse/reach-8.yaml,2,31,0.44197047100169584,0.006605981994653121
8,conf/formulas/warehouse/reach-8.yaml,2,32,0.3545963960059453,0.0049329749890603125
12,conf/formulas/warehouse/reach-12.yaml,0,0,0.44037492701318115,0.11048572699655779
12,conf/formulas/warehouse/reach-12.yaml,0,1,0.4594905879930593,0.008853620005538687
12,conf/formulas/warehouse/reach-12.yaml,0,2,0.42278674701810814,0.008720054000150412
12,conf/formulas/warehouse/reach-12.yaml,0,3,0.4373995490022935,0.011478956002974883
12,conf/formulas/warehouse/reach-12.yaml,0,4,0.4117082229931839,0.008636815007776022
12,conf/formulas/warehouse/reach-12.yaml,0,5,0.4410181479761377,0.012255884998012334
12,conf/formulas/warehouse/reach-12.yaml,0,6,0.42654495799797587,0.00903795100748539
12,conf/formulas/warehouse/reach-12.yaml,0,7,0.4496863749809563,0.009457731997827068
12,conf/formulas/warehouse/reach-12.yaml,0,8,0.49957092199474573,0.012238981988048181
12,conf/formulas/warehouse/reach-12.yaml,0,9,0.42838276401744224,0.014867506019072607
12,conf/formulas/warehouse/reach-12.yaml,0,10,0.40165821500704624,0.014667817973531783
12,conf/formulas/warehouse/reach-12.yaml,0,11,0.42619775800267234,0.014962773013394326
12,conf/formulas/warehouse/reach-12.yaml,0,12,0.4373845660011284,0.013881209015380591
12,conf/formulas/warehouse/reach-12.yaml,0,13,0.4360662749968469,0.010536460002185777
12,conf/formulas/warehouse/reach-12.yaml,0,14,0.45248709397856146,0.009693394997157156
12,conf/formulas/warehouse/reach-12.yaml,0,15,0.41940611600875854,0.015127074002521113
12,conf/formulas/warehouse/reach-12.yaml,0,16,0.4367829489929136,0.011968345992499962
12,conf/formulas/warehouse/reach-12.yaml,0,17,0.42943023701081984,0.015204916009679437
12,conf/formulas/warehouse/reach-12.yaml,0,18,0.4507275319774635,0.012935664010001346
12,conf/formulas/warehouse/reach-12.yaml,0,19,0.4317969080002513,0.012265650002518669
12,conf/formulas/warehouse/reach-12.yaml,0,20,0.44986055401386693,0.009858812001766637
12,conf/formulas/warehouse/reach-12.yaml,0,21,0.4316122010059189,0.011644863989204168
12,conf/formulas/warehouse/reach-12.yaml,0,22,0.42860881000524387,0.009792619006475434
12,conf/formulas/warehouse/reach-12.yaml,0,23,0.40275015102815814,0.012712920986814424
12,conf/formulas/warehouse/reach-12.yaml,0,24,0.41595527398749255,0.010301893984433264
12,conf/formulas/warehouse/reach-12.yaml,0,25,0.39857129799202085,0.010200292017543688
12,conf/formulas/warehouse/reach-12.yaml,0,26,0.45818025298649445,0.009163612994598225
12,conf/formulas/warehouse/reach-12.yaml,0,27,0.46560520300408825,0.011082260985858738
12,conf/formulas/warehouse/reach-12.yaml,0,28,0.42958133699721657,0.008747648011194542
12,conf/formulas/warehouse/reach-12.yaml,0,29,0.41119828101363964,0.008340258995303884
12,conf/formulas/warehouse/reach-12.yaml,0,30,0.43776612301007845,0.014768167020520195
12,conf/formulas/warehouse/reach-12.yaml,0,31,0.39316698201582767,0.011961742013227195
12,conf/formulas/warehouse/reach-12.yaml,0,32,0.4151856820099056,0.014608581986976787
12,conf/formulas/warehouse/reach-12.yaml,1,0,0.4219965349766426,0.015845067013287917
12,conf/formulas/warehouse/reach-12.yaml,1,1,0.4108297510247212,0.010917462001089007
12,conf/formulas/warehouse/reach-12.yaml,1,2,0.3629939949896652,0.010896496009081602
12,conf/formulas/warehouse/reach-12.yaml,1,3,0.422542637999868,0.01266571000451222
12,conf/formulas/warehouse/reach-12.yaml,1,4,0.40239206099067815,0.008044524991419166
12,conf/formulas/warehouse/reach-12.yaml,1,5,0.4428602090047207,0.011121802002890036
12,conf/formulas/warehouse/reach-12.yaml,1,6,0.4090931529935915,0.0085523989982903
12,conf/formulas/warehouse/reach-12.yaml,1,7,0.3802863780001644,0.011164392984937876
12,conf/formulas/warehouse/reach-12.yaml,1,8,0.4604277149774134,0.010801156982779503
12,conf/formulas/warehouse/reach-12.yaml,1,9,0.404545108001912,0.010048096999526024
12,conf/formulas/warehouse/reach-12.yaml,1,10,0.40357667100033723,0.012288566009374335
12,conf/formulas/warehouse/reach-12.yaml,1,11,0.4380914850044064,0.013274275988806039
12,conf/formulas/warehouse/reach-12.yaml,1,12,0.4010639829793945,0.011642451019724831
12,conf/formulas/warehouse/reach-12.yaml,1,13,0.4420767039991915,0.01461552400724031
12,conf/formulas/warehouse/reach-12.yaml,1,14,0.4123155020060949,0.012623908987734467
12,conf/formulas/warehouse/reach-12.yaml,1,15,0.4336092199955601,0.014489394990960136
12,conf/formulas/warehouse/reach-12.yaml,1,16,0.412072976003401,0.01051525998627767
12,conf/formulas/warehouse/reach-12.yaml,1,17,0.42677905099117197,0.008642887987662107
12,conf/formulas/warehouse/reach-12.yaml,1,18,0.386399364011595,0.015057621989399195
12,conf/formulas/warehouse/reach-12.yaml,1,19,0.40844672301318496,0.010810136009240523
12,conf/formulas/warehouse/reach-12.yaml,1,20,0.4545760689943563,0.008910915988963097
12,conf/formulas/warehouse/reach-12.yaml,1,21,0.39345557399792597,0.011488352000014856
12,conf/formulas/warehouse/reach-12.yaml,1,22,0.41421098000137135,0.010865249001653865
12,conf/formulas/warehouse/reach-12.yaml,1,23,0.41142369201406837,0.012649677984882146
12,conf/formulas/warehouse/reach-12.yaml,1,24,0.4072156479815021,0.010174086026381701
12,conf/formulas/warehouse/reach-12.yaml,1,25,0.4521748289989773,0.007981212984304875
12,conf/formulas/warehouse/reach-12.yaml,1,26,0.4169827820151113,0.015198259992757812
12,conf/formulas/warehouse/reach-12.yaml,1,27,0.3936227220110595,0.011674762994516641
12,conf/formulas/warehouse/reach-12.yaml,1,28,0.4283958799787797,0.013659638003446162
12,conf/formulas/warehouse/reach-12.yaml,1,29,0.4128628180187661,0.011402406002162024
12,conf/formulas/warehouse/reach-12.yaml,1,30,0.4245952970231883,0.013972166983876377
12,conf/formulas/warehouse/reach-12.yaml,1,31,0.37229279399616644,0.010621458000969142
12,conf/formulas/warehouse/reach-12.yaml,1,32,0.40885080298176035,0.014469092013314366
12,conf/formulas/warehouse/reach-12.yaml,2,0,0.43336061999434605,0.014844293997157365
12,conf/formulas/warehouse/reach-12.yaml,2,1,0.42007477799779736,0.014530443004332483
12,conf/formulas/warehouse/reach-12.yaml,2,2,0.40936546100419946,0.014538591000018641
12,conf/formulas/warehouse/reach-12.yaml,2,3,0.4115094850130845,0.014173030998790637
12,conf/formulas/warehouse/reach-12.yaml,2,4,0.4306984670110978,0.015045017993543297
12,conf/formulas/warehouse/reach-12.yaml,2,5,0.4011408220103476,0.010889711993513629
12,conf/formulas/warehouse/reach-12.yaml,2,6,0.39445543801411986,0.008141875005094334
12,conf/formulas/warehouse/reach-12.yaml,2,7,0.4383229119994212,0.008891967998351902
12,conf/formulas/warehouse/reach-12.yaml,2,8,0.39532987598795444,0.008481491007842124
12,conf/formulas/warehouse/reach-12.yaml,2,9,0.40282520098844543,0.012661993008805439
12,conf/formulas/warehouse/reach-12.yaml,2,10,0.44511021999642253,0.01394929300295189
12,conf/formulas/warehouse/reach-12.yaml,2,11,0.380727673007641,0.011413394007831812
12,conf/formulas/warehouse/reach-12.yaml,2,12,0.4325852640031371,0.014825154998106882
12,conf/formulas/warehouse/reach-12.yaml,2,13,0.4042747759958729,0.009771123004611582
12,conf/formulas/warehouse/reach-12.yaml,2,14,0.39530770797864534,0.010464646999025717
12,conf/formulas/warehouse/reach-12.yaml,2,15,0.4162551579938736,0.012557239999296144
12,conf/formulas/warehouse/reach-12.yaml,2,16,0.39429920798284,0.01065122097497806
12,conf/formulas/warehouse/reach-12.yaml,2,17,0.4407417830079794,0.011771152989240363
12,conf/formulas/warehouse/reach-12.yaml,2,18,0.3786101959994994,0.013978781003970653
12,conf/formulas/warehouse/reach-12.yaml,2,19,0.44356998198782094,0.014221057994291186
12,conf/formulas/warehouse/reach-12.yaml,2,20,0.39647362401592545,0.014190298010362312
12,conf/formulas/warehouse/reach-12.yaml,2,21,0.41529954099678434,0.009500586980720982
12,conf/formulas/warehouse/reach-12.yaml,2,22,0.4409411420056131,0.008000325004104525
12,conf/formulas/warehouse/reach-12.yaml,2,23,0.43386516501777805,0.014421542990021408
12,conf/formulas/warehouse/reach-12.yaml,2,24,0.41851167601998895,0.009958439011825249
12,conf/formulas/warehouse/reach-12.yaml,2,25,0.4041341459960677,0.01414073002524674
12,conf/formulas/warehouse/reach-12.yaml,2,26,0.4188370330084581,0.013808988005621359
12,conf/formulas/warehouse/reach-12.yaml,2,27,0.4461211049929261,0.01446520400349982
12,conf/formulas/warehouse/reach-12.yaml,2,28,0.4445486339973286,0.014399704989045858
12,conf/formulas/warehouse/reach-12.yaml,2,29,0.33582065199152566,0.01126699399901554
12,conf/formulas/warehouse/reach-12.yaml,2,30,0.45580552899627946,0.01071557099930942
12,conf/formulas/warehouse/reach-12.yaml,2,31,0.3722762419783976,0.008427092019701377
12,conf/formulas/warehouse/reach-12.yaml,2,32,0.4742825739958789,0.012344716000370681
