formula,method,metric,mean,ci_lower,ci_upper
!(region_a | door) U (vase & region_b),deep_ltl,return,0.9462890625,0.9353515625,0.95703125
!(region_a | door) U (vase & region_b),deep_ltl,length,163.42958984375,147.56841522216797,181.20384742736815
!(region_a | door) U (vase & region_b),ltl2action,return,0.5613839285714286,0.27622767857142855,0.806640625
!(region_a | door) U (vase & region_b),ltl2action,length,169.73538643973214,161.34151567731584,179.77335684640067
!(region_a | door) U (vase & region_b),struct_ltl,return,0.9478515625,0.93828125,0.9576171875
!(region_a | door) U (vase & region_b),struct_ltl,length,143.74195251464843,137.70119995117187,150.38727905273439
!(vase | crate) U (region_a & F (door & F region_b)),deep_ltl,return,0.884375,0.8396484375,0.9173828125
!(vase | crate) U (region_a & F (door & F region_b)),deep_ltl,length,353.1173980712891,326.3678680419922,388.466051864624
!(vase | crate) U (region_a & F (door & F region_b)),ltl2action,return,0.36216517857142855,0.14341517857142858,0.5943080357142857
!(vase | crate) U (region_a & F (door & F region_b)),ltl2action,length,387.15484619140625,347.65049525669644,433.2844674246652
!(vase | crate) U (region_a & F (door & F region_b)),struct_ltl,return,0.7974609375,0.702734375,0.8751953125
!(vase | crate) U (region_a & F (door & F region_b)),struct_ltl,length,371.1946136474609,352.5044385528564,391.9815906524658
!door U (region_a & (!vase U region_b)),deep_ltl,return,0.9865234375,0.9660107421875,0.9984375
!door U (region_a & (!vase U region_b)),deep_ltl,length,160.19879760742188,150.37458183288572,173.225458984375
!door U (region_a & (!vase U region_b)),ltl2action,return,0.455078125,0.2067243303571431,0.7103794642857143
!door U (region_a & (!vase U region_b)),ltl2action,length,346.1579132080078,249.27653401692723,439.3511756896972
!door U (region_a & (!vase U region_b)),struct_ltl,return,0.994140625,0.9900390625,0.99765625
!door U (region_a & (!vase U region_b)),struct_ltl,length,173.2228744506836,153.98891807556151,198.22796222686767
(crate => (!(region_a | region_b)) U door) U (vase & door & (door U (!vase & door))),deep_ltl,return,0.664453125,0.4591796875,0.849609375
(crate => (!(region_a | region_b)) U door) U (vase & door & (door U (!vase & door))),deep_ltl,length,211.38114013671876,170.1458406829834,265.60463966369633
(crate => (!(region_a | region_b)) U door) U (vase & door & (door U (!vase & door))),ltl2action,return,0.154296875,0.013671875,0.38197544642857145
(crate => (!(region_a | region_b)) U door) U (vase & door & (door U (!vase & door))),ltl2action,length,378.1962890625,314.1770935058594,466.4117736816406
(crate => (!(region_a | region_b)) U door) U (vase & door & (door U (!vase & door))),struct_ltl,return,0.9564453125,0.93359375,0.9767578125
(crate => (!(region_a | region_b)) U door) U (vase & door & (door U (!vase & door))),struct_ltl,length,151.14305877685547,146.752734375,155.88755149841307
(crate => (crate U region_b)) U (crate & region_b & (region_b U (!crate & region_b))),deep_ltl,return,0.667578125,0.4818359375,0.8396484375
(crate => (crate U region_b)) U (crate & region_b & (region_b U (!crate & region_b))),deep_ltl,length,151.30433197021483,133.4196886062622,171.50150279998778
(crate => (crate U region_b)) U (crate & region_b & (region_b U (!crate & region_b))),ltl2action,return,0.4126674107142857,0.13364955357142858,0.7246303013392854
(crate => (crate U region_b)) U (crate & region_b & (region_b U (!crate & region_b))),ltl2action,length,220.7827911376953,167.8677215576172,280.2003224690755
(crate => (crate U region_b)) U (crate & region_b & (region_b U (!crate & region_b))),struct_ltl,return,0.95390625,0.8962890625,0.9876953125
(crate => (crate U region_b)) U (crate & region_b & (region_b U (!crate & region_b))),struct_ltl,length,139.54178314208986,133.80378952026368,145.44330373764038
(vase => (vase U door)) U (F (crate & region_b & (region_b U (!crate & region_b))) & F (vase & door & (door U (!vase & door)))),deep_ltl,return,0.569921875,0.42108886718750005,0.7199267578124999
(vase => (vase U door)) U (F (crate & region_b & (region_b U (!crate & region_b))) & F (vase & door & (door U (!vase & door)))),deep_ltl,length,430.5440246582031,378.4749169158935,485.9279096221924
(vase => (vase U door)) U (F (crate & region_b & (region_b U (!crate & region_b))) & F (vase & door & (door U (!vase & door)))),ltl2action,return,0.12248883928571429,0.0005580357142857143,0.36244419642857145
(vase => (vase U door)) U (F (crate & region_b & (region_b U (!crate & region_b))) & F (vase & door & (door U (!vase & door)))),ltl2action,length,573.2051086425781,497.7581481933594,688.0
(vase => (vase U door)) U (F (crate & region_b & (region_b U (!crate & region_b))) & F (vase & door & (door U (!vase & door)))),struct_ltl,return,0.840234375,0.7181591796875,0.9429736328124999
(vase => (vase U door)) U (F (crate & region_b & (region_b U (!crate & region_b))) & F (vase & door & (door U (!vase & door)))),struct_ltl,length,329.3162506103516,298.9146331787109,364.81407249450683
F (crate & region_a & (region_a U (!crate & region_a))) & F (vase & door & (door U (!vase & door))),deep_ltl,return,0.521484375,0.3326123046875001,0.7123095703124999
F (crate & region_a & (region_a U (!crate & region_a))) & F (vase & door & (door U (!vase & door))),deep_ltl,length,449.4425415039062,395.5435541534424,502.23281204223633
F (crate & region_a & (region_a U (!crate & region_a))) & F (vase & door & (door U (!vase & door))),ltl2action,return,0.06473214285714286,0.00027901785714285713,0.14202008928571427
F (crate & region_a & (region_a U (!crate & region_a))) & F (vase & door & (door U (!vase & door))),ltl2action,length,613.3948974609375,488.0,708.251953125
F (crate & region_a & (region_a U (!crate & region_a))) & F (vase & door & (door U (!vase & door))),struct_ltl,return,0.8810546875,0.7025341796875,0.9806640625
F (crate & region_a & (region_a U (!crate & region_a))) & F (vase & door & (door U (!vase & door))),struct_ltl,length,300.0203460693359,283.2214748382569,323.38492500305176
F (region_a & F (crate & F region_b)),deep_ltl,return,0.9826171875,0.9751953125,0.98984375
F (region_a & F (crate & F region_b)),deep_ltl,length,196.5218704223633,191.9339533996582,201.10146850585937
F (region_a & F (crate & F region_b)),ltl2action,return,0.982421875,0.9667898995535715,0.9958147321428571
F (region_a & F (crate & F region_b)),ltl2action,length,226.30743190220423,213.74473789760046,238.85505240304127
F (region_a & F (crate & F region_b)),struct_ltl,return,0.986328125,0.9783203125,0.9931640625
F (region_a & F (crate & F region_b)),struct_ltl,length,202.05331268310547,195.3964021682739,210.37022197723388
F (vase & crate & region_b & (region_b U (!vase & !crate & region_b))),deep_ltl,return,0.5787109375,0.3353515625,0.8080078125
F (vase & crate & region_b & (region_b U (!vase & !crate & region_b))),deep_ltl,length,323.26305236816404,254.4530020904541,404.7028983306884
F (vase & crate & region_b & (region_b U (!vase & !crate & region_b))),ltl2action,return,0.625,0.30775669642857145,0.9026227678571429
F (vase & crate & region_b & (region_b U (!vase & !crate & region_b))),ltl2action,length,304.3236192975725,225.78418622698103,405.9339272635324
F (vase & crate & region_b & (region_b U (!vase & !crate & region_b))),struct_ltl,return,0.9703125,0.94296875,0.9884765625
F (vase & crate & region_b & (region_b U (!vase & !crate & region_b))),struct_ltl,length,193.25783081054686,183.2267444229126,208.5633966064453
F (vase & region_a & (region_a U (!vase & region_a))),deep_ltl,return,0.9123046875,0.85,0.9671875
F (vase & region_a & (region_a U (!vase & region_a))),deep_ltl,length,185.75047149658204,158.1381527709961,216.5465357208252
F (vase & region_a & (region_a U (!vase & region_a))),ltl2action,return,0.42466517857142855,0.14227818080357163,0.7466517857142857
F (vase & region_a & (region_a U (!vase & region_a))),ltl2action,length,331.32759966169084,211.63954162597656,467.5390886579241
F (vase & region_a & (region_a U (!vase & region_a))),struct_ltl,return,0.994921875,0.992578125,0.9970703125
F (vase & region_a & (region_a U (!vase & region_a))),struct_ltl,length,126.82010421752929,123.54289398193359,130.23077501296996
